{
    "accuracy": 0.9524969549330086,
    "precision": 0.8207547169811321,
    "recall": 0.8130841121495327,
    "auc": 0.9561245058771172
}
