{
    "accuracy": 0.9634369287020109,
    "precision": 0.9272727272727272,
    "recall": 0.7611940298507462,
    "auc": 0.9631218905472637
}
